Image Name,PSNR (dB),SSIM,MAE
07821.png,29.18356025769015,0.8669881826555904,5.2605414
04363.png,35.75706031807456,0.9677491438952525,2.0973117
07433.png,28.898363132420553,0.9543483093647387,4.283854
05444.png,30.684271323300187,0.9135373754327895,4.1731873
03472.png,26.7516540359431,0.8290417755758904,8.08239
01053.png,28.57507198016778,0.9193245617947151,6.274479
05607.png,26.5618426023795,0.8689951425361526,7.9639716
02179.png,30.832001749277044,0.8114477722248572,5.3952956
01050.png,33.1110119118846,0.9595256250185731,2.9039814
01889.png,32.36045498837704,0.9378775681535872,3.5994809
01629.png,30.85201119270294,0.8811978022523292,5.112536
05928.png,32.95326994031325,0.9321390735726055,3.4497426
03723.png,26.838662140866614,0.8077392301738012,8.883924
01705.png,19.062748014102613,0.8793259981570821,9.002784
05686.png,31.671841586238667,0.8802626750679442,4.9020715
03153.png,24.645424136262996,0.921895916451685,7.188019
04930.png,31.756181523120613,0.8397390139317213,4.5141983
03584.png,31.052361790887133,0.9373659409545465,3.967818
07510.png,29.560184129566743,0.7854154279761394,6.295775
04758.png,25.407207637074055,0.8817509354200705,6.541645
00822.png,34.858101048228754,0.9427271528286124,3.4035492
01471.png,34.76362665315851,0.9660629307235072,2.9571736
08560.png,34.01896723363335,0.9628650546173015,2.6465213
05074.png,28.320297600590557,0.9395300692126699,4.2077203
05824.png,33.70766760294256,0.9414274198244282,3.4009488
03276.png,27.051121115084516,0.9445685282546012,4.812487
02471.png,28.144946240294715,0.9422418447248831,4.565562
00925.png,28.52584673637611,0.8574697705687283,6.464091
07843.png,24.818609085257656,0.9067102442671687,5.1284537
01421.png,31.039297117646107,0.9377739085111059,2.9355748
04958.png,31.661193183343755,0.8508932942927346,4.708468
04252.png,28.925294987094986,0.9354336698252522,5.063465
00662.png,31.851665078497312,0.8844005451340342,3.7932026
02218.png,22.899490138483223,0.8426433357486883,9.050813
02169.png,29.676835861417302,0.9224444302283291,4.398974
01610.png,29.672352389710884,0.9249078705893624,4.7979455
01068.png,27.90923275301885,0.8945182701937785,5.2897706
06662.png,28.63787874802357,0.8537930838985431,6.0795197
01146.png,28.218251360879947,0.9075767754294697,5.6618233
06088.png,28.722086308288944,0.9506900506470704,5.475283
08489.png,31.77992388175432,0.9282810044296212,2.7510197
06300.png,28.499586481274267,0.9428766433319703,4.20999
02268.png,28.149038166425527,0.7798555098605845,6.876938
06703.png,25.649364721239117,0.8369377672337249,7.5441155
06238.png,34.5507405873001,0.9423558642995511,2.8701782
05804.png,30.402988494101415,0.7842102233589291,5.386284
06042.png,31.634928629780163,0.9626091703119024,4.2582307
00279.png,27.893584839325392,0.931857424330444,5.01082
01459.png,30.482798091374654,0.894536006767315,3.8526905
07541.png,25.14048347561974,0.8238447489436084,7.212107
07121.png,28.094829291789512,0.9442095198893558,3.4486592
05752.png,26.846735022861587,0.7898384380148108,8.166928
07944.png,32.73704358946678,0.7990120209111264,4.4510903
07125.png,27.799643854475743,0.8287475511710216,6.7294097
07099.png,30.518734667601073,0.9276233051546717,4.05382
02032.png,25.691285568995298,0.8799004729617383,8.033647
05524.png,27.885165032483226,0.9455916025962128,5.03486
00847.png,25.601232262057678,0.91236501114529,8.374809
05788.png,32.40629572825773,0.9485477084296202,4.4419875
04217.png,32.54348914415338,0.9534288958749696,3.6177776
07765.png,34.36411566336113,0.950237950504202,3.3766353
08150.png,32.31652885082367,0.953716908649068,4.272583
08141.png,28.696075864173118,0.9391244636838901,3.7801476
07437.png,33.33911379621015,0.9398124217559,3.7728462
03625.png,28.04497882610354,0.82415620916777,6.2611847
05582.png,26.83742449863836,0.9174695398715097,4.986468
01980.png,31.65631461009426,0.9379664613646064,3.5684967
05420.png,29.474805447833194,0.8499760953964132,5.408203
06507.png,30.190620965103573,0.840306295439059,5.7869515
08247.png,29.665905805166513,0.9539518515521489,4.2917647
03874.png,31.325885875841365,0.9418315053298757,3.8440793
00148.png,31.25467057786819,0.9214258834642138,4.079886
05898.png,27.67380683113685,0.8610045416983905,5.465721
04440.png,26.221920007728052,0.7720551282563642,7.3754845
02897.png,28.06425288990287,0.8366745423137111,6.731571
06512.png,30.96262938206747,0.9264520254209444,4.1879907
01362.png,29.72550883842818,0.8098984321765803,5.6860123
02176.png,29.808618497684428,0.9077749062208272,5.5918365
07703.png,27.418599796492018,0.8700167886642197,6.1740327
06912.png,31.547706540023594,0.939308380346881,3.486472
03339.png,34.33088158170963,0.9486836538081138,2.8240929
06979.png,30.3028967347066,0.9423040075361414,3.4766324
08680.png,26.569019413814758,0.9193464906420861,5.374849
03742.png,28.20389113114089,0.843656668784936,6.6135383
08748.png,32.90667846319596,0.86666064867975,4.452043
08707.png,34.20104817799506,0.9278792945888356,3.5184262
07004.png,22.864941686732717,0.820230209080662,6.3077683
03103.png,30.868730145473968,0.9443658781933975,4.966751
00313.png,30.266095985464556,0.9352349228901099,3.4105797
03302.png,27.22712719242741,0.8994449483501944,6.9963546
08488.png,27.658030765381017,0.9132799423556989,5.1230445
00132.png,28.34020448336723,0.8100020124838215,6.5713234
08619.png,29.01686588944247,0.9316324681285194,4.700049
04060.png,30.97459724665031,0.9272772121084011,4.845511
03240.png,30.95434840295791,0.9008918966981506,4.2205415
00941.png,25.69641089729871,0.9037674608154163,7.3764725
05596.png,28.70805026812063,0.8141174864329757,7.0750947
00899.png,31.450310486261436,0.9574722634868578,3.6974971
08981.png,28.341210982355705,0.723938466310161,6.926352
03378.png,28.330134320918354,0.8999048317773375,5.9494705
06059.png,28.384537015560216,0.8985893709318774,4.7611823
01415.png,31.17068431595412,0.9483217459756622,3.3734894
00879.png,25.114953107152967,0.8963530909586339,6.385862
04045.png,30.647774646615353,0.9464388536009536,3.7063572
02777.png,36.16802378449187,0.9706414642983273,2.948424
07801.png,28.157391953437802,0.9047461206807165,4.810669
02727.png,30.86347998378724,0.9394860919923277,4.6160493
08221.png,27.66099936467925,0.9593037648672257,4.0972543
00060.png,31.589245154008566,0.9136262861115623,3.5597522
01919.png,29.464416276007476,0.8377352256104152,5.831907
07340.png,33.66837516505463,0.9529782220440159,2.9082565
02380.png,29.351128490664866,0.926823796026721,4.559452
00980.png,31.399155356289153,0.9597292361013229,3.922292
08463.png,28.477170678314508,0.874632213206806,6.8419127
04732.png,30.507512356978353,0.944914161641925,4.4820175
03196.png,28.529787304680042,0.8872257369630047,5.9199715
01960.png,27.616883429090123,0.8511109368836505,5.681853
00528.png,24.08130631904322,0.9284112848913807,5.993074
06570.png,33.48962934432687,0.9309115687056729,3.3030205
05047.png,28.699583323840514,0.9284453108612288,5.2653923
07914.png,30.273751961344814,0.8470827076520111,5.3596206
03117.png,30.58725905902927,0.8534971320250954,5.490622
06878.png,29.0248899493919,0.79504352377119,5.662792
00801.png,31.42366064902946,0.8414594551692455,4.8180747
04959.png,29.37421395370871,0.9377568358044309,4.410717
06208.png,32.07713512767219,0.9288724548504897,3.965472
05050.png,27.758862230641192,0.8063734231320242,7.9159837
04322.png,30.59313169517931,0.952172249637846,4.820585
05395.png,28.243137070897426,0.911607063132894,4.875483
03298.png,29.608075229904053,0.9416046307911001,5.0822296
04234.png,28.51369099916078,0.7627190990461418,6.7277374
03513.png,34.64933782559542,0.9673005286035056,3.455598
03923.png,28.564375542243347,0.8464146173531947,6.670484
00720.png,31.15192469639364,0.8283763895945548,5.10185
04306.png,26.580370094770856,0.8493963504417471,6.51643
02547.png,31.223069716142447,0.9552615241474062,4.044539
04529.png,27.72195691630539,0.8256480011504799,7.0265975
05732.png,29.2999388214138,0.947857959868592,5.7119102
07480.png,33.04171572457387,0.9707104157666429,3.3848152
02184.png,31.20090686245379,0.9524231501599839,3.566531
04459.png,26.17942756067049,0.824524330966196,6.288559
00506.png,27.714145864941038,0.9341165500815665,4.215172
02688.png,32.79701422143023,0.920595382471365,4.1620903
04212.png,29.537548072606015,0.9553382913656066,2.9183846
03608.png,28.845998427225435,0.8709353607248592,4.9294434
08007.png,30.233466118275054,0.9143539730755803,6.039041
06998.png,28.352390061912832,0.8910008213145665,5.6532555
01996.png,28.785258550705915,0.9408220505568577,4.1793113
00026.png,28.21029900911689,0.6413751298124828,7.426108
08003.png,30.961961103722267,0.8739650931037758,5.1138825
06027.png,33.38597097769286,0.9456573463975153,3.4550323
03879.png,32.274453755381764,0.9083728320081788,3.6154644
07384.png,30.15664309461605,0.9282203004088333,5.148388
05511.png,25.50592040695202,0.9332869737447201,5.9909363
08437.png,28.63055978257558,0.8221575827246083,6.0847893
02219.png,28.342990980445386,0.822473399222682,6.44052
06517.png,31.313780458650953,0.9463169065188378,3.8779576
05790.png,33.03809004520208,0.8522846428620333,4.246783
07702.png,33.772433019237276,0.9420114292022799,3.083308
03609.png,26.296636260605403,0.8094478169261912,7.3489747
01239.png,29.234146927630633,0.9337533251282611,3.7524083
06657.png,29.11314265285306,0.8575125358006233,6.499495
01201.png,29.968638741748133,0.8116568028138959,5.5722795
07359.png,28.353882573109672,0.7888353996249512,6.7553344
03310.png,31.449461058791897,0.9322949333402463,3.7076175
08288.png,27.987003803927383,0.947778881806057,6.1385765
06479.png,27.118075923989945,0.7959059671697643,7.995787
06274.png,29.968594560729382,0.8482755445431739,5.3777046
08910.png,29.593789068560937,0.9103902155426624,3.5039291
00794.png,30.014796496066786,0.8504472097775166,5.5502114
08364.png,26.088574746970163,0.9413748265139236,5.894114
07470.png,33.109406296060804,0.9386649570884963,4.195231
08027.png,31.377334046223353,0.8488783562958906,4.730634
04740.png,30.533734677875906,0.8465505128251366,5.796186
08982.png,34.63939126860372,0.9671791548786383,2.644905
04602.png,27.378984356524487,0.9075135146731478,5.216349
07023.png,32.55877731763259,0.878999215630643,4.093071
00735.png,25.759319682202424,0.930069318412274,4.2218857
01130.png,27.728852180998103,0.9403070403719798,4.863112
03307.png,26.72505353232968,0.8929487461437796,6.7736106
03912.png,21.580946651587322,0.8659213369252873,11.572001
08526.png,31.736252740765806,0.9360176606029488,3.5126827
04453.png,33.32850504254975,0.9252807915247043,4.089045
06411.png,29.51268587731869,0.8337563877615045,5.9857764
05449.png,28.697910666096025,0.9014621981512415,4.433562
01854.png,28.96909884520818,0.9090452218110716,4.7075844
00592.png,27.670490855642665,0.9187816054983395,5.2394395
03406.png,29.73678739492433,0.9146389181651552,4.9351974
03956.png,32.787324216714964,0.9552867375554676,3.018645
04327.png,26.538764853087223,0.8847629102013349,6.161711
02359.png,28.52912005565365,0.9402122888419197,4.3775764
03299.png,30.423651282343318,0.9490359891802568,4.4650207
00736.png,32.5859229763145,0.868378533750406,4.5437927
03751.png,29.9976450177541,0.9507099215255242,4.2436395
01503.png,27.801948914386276,0.9298949290078812,5.863341
02516.png,29.42681623696227,0.7906496842639203,6.1004844
07043.png,29.631392736352854,0.9063472441140411,4.6407447
08396.png,33.783827850742874,0.9180877231617909,3.4764721
02167.png,28.934947095299602,0.9024429702344339,5.3251266
07767.png,31.63127170547206,0.9600121024804354,4.0168138
08924.png,27.37146752612062,0.918766267834101,4.761204
02582.png,30.243259092666083,0.9430846425730698,4.220413
05214.png,28.689008391750157,0.9320154603443528,4.879538
04781.png,30.719949669887118,0.9436528855014283,4.1277847
08860.png,31.36550568924215,0.953214757994519,3.3856049
06853.png,34.75263348560591,0.9575686959536783,3.132604
03223.png,31.293071283106446,0.9298476464695979,4.87713
07368.png,30.02981820457194,0.9104524221007079,5.085234
00857.png,31.662903997178216,0.9163482636347223,4.6176033
02624.png,31.12771983330434,0.9022757807104062,5.1589165
01052.png,25.83983536523919,0.8621326230044847,5.156681
04682.png,25.97711147730231,0.9180736948253432,6.3583436
07701.png,27.79709720244241,0.9199073079468859,4.861492
06842.png,29.71026043924755,0.9416869549163707,4.7523003
00700.png,30.9980096133624,0.9192737062109176,4.4313965
08423.png,30.749458078635303,0.9582176072236773,5.1188836
01382.png,32.4372838040799,0.9396074862795173,4.39018
08198.png,31.967683336663622,0.855165152749097,4.657519
08272.png,29.933499692449974,0.8644503095334901,6.08114
03214.png,31.996776350844257,0.9312352196396431,3.6146088
04442.png,28.08208949625122,0.8496185212733737,6.8299966
04135.png,27.2667355663231,0.9322435435408863,4.67259
05292.png,30.726323646211704,0.7539935359940366,5.035417
01700.png,26.325540738280523,0.918232784420908,6.7926254
05517.png,33.45369839715437,0.9594407935354363,2.7384021
06722.png,29.096651608212632,0.8799441035093958,4.682073
00280.png,30.56369433779281,0.8410507000421074,5.5426764
01378.png,31.191151201721354,0.9517570284834593,4.5133986
03309.png,29.423069762455896,0.8322580944005818,5.873034
03040.png,29.581684121783027,0.9260137981718269,4.6564765
08658.png,32.980650215622134,0.9647190355801284,3.90088
07774.png,29.143068154777563,0.8807491182600095,5.7238555
01425.png,24.054463037696006,0.880879410123301,5.867765
04027.png,31.308905707679394,0.8833662578350246,5.2384667
05461.png,29.47697899477736,0.8246989691158667,6.4472785
06839.png,30.948126858522862,0.9328207629904189,4.3151
07969.png,25.66836661374248,0.9306879412407748,4.373131
07903.png,27.104611084388132,0.8229149610609138,6.842256
02158.png,22.852037044576466,0.9126758537412868,5.7775917
06203.png,28.550442807253656,0.934469903603567,5.5415535
04345.png,29.423104563906218,0.9226244150965414,4.395475
03137.png,32.60078201005099,0.9311205997957566,3.6869214
04333.png,32.489605903200996,0.9385744425870852,3.4136631
02234.png,26.759988311004253,0.9011620877384128,5.1303077
07406.png,31.03861521216681,0.8145735174773628,5.1276107
02357.png,31.065115206362307,0.9459530070877564,3.9094276
00576.png,29.838163261584665,0.9245010068743434,4.5009856
05638.png,30.055273675022125,0.9494280760159045,4.3674912
06841.png,23.756412104206035,0.721983454099672,8.735688
00314.png,32.47050352201643,0.957396982078143,2.8466022
04768.png,28.162272806934382,0.8234812609313806,7.240709
05035.png,30.180574164354766,0.7742151045444107,6.20085
04040.png,33.33534437783885,0.9516672927006598,3.1403503
04964.png,29.182126598092196,0.9176201376235631,4.633344
00242.png,27.864331921122908,0.9299461806847088,5.852262
05753.png,27.73609438432524,0.8375638361429524,5.0132165
01801.png,27.951745934832438,0.9303399106987235,6.800982
07991.png,27.335480037568722,0.8224660782527949,7.1000686
01089.png,34.12142768704764,0.9595506149293301,2.8951824
01189.png,26.032808958220347,0.824756382903787,8.334419
06598.png,24.559905486348672,0.7003573552454553,8.277381
00628.png,24.177072448717492,0.8465882535955442,7.6862183
02802.png,22.05481123535892,0.886929813257777,8.0436325
00249.png,27.00815432520696,0.8992480297555305,7.1030006
06799.png,30.327645653133075,0.8389317905158903,5.1507516
04184.png,30.116315636782744,0.9679449952109594,5.287954
05964.png,28.034724493487335,0.9253129646871626,4.6686807
03271.png,26.725347275861612,0.8775094919052874,6.083023
08370.png,30.651406241407134,0.8765019409355043,5.1517525
00443.png,26.679926971912444,0.7668826619521326,8.004597
02033.png,28.502999433989462,0.8777536497692507,5.0611954
07697.png,34.2375981369858,0.9416502321429224,3.349055
02133.png,29.938852090696418,0.8365093206806217,5.3558044
00086.png,30.23238135289651,0.8420678371398095,4.8484917
03984.png,27.672728109722048,0.7881314063798667,7.778341
01948.png,34.14268212815189,0.9366545667118565,3.039355
06530.png,32.20018448801704,0.953373946379299,4.1227736
00973.png,28.93559948132853,0.8655378902062575,5.646248
04375.png,31.476055310234372,0.8561508187270698,4.5423303
07398.png,26.324391123088798,0.9358844019999969,4.3551345
06882.png,33.69194701057823,0.9520081978080329,3.5988998
08369.png,31.888720843962027,0.9392206531143298,3.498525
08762.png,28.705477878445038,0.8844190902231146,5.5946236
07987.png,29.178639552207382,0.8845509276809106,5.20122
04268.png,31.643360286214033,0.9382919685237718,3.7667224
00140.png,31.281993313927046,0.9515138628027371,3.3333676
03136.png,32.04257503684206,0.9214224975404447,4.0134673
04790.png,28.149658205980046,0.827618615619132,5.8189087
06635.png,31.283994431906613,0.9614948160384094,3.7628849
01682.png,29.12949138390223,0.9526809289014458,4.507469
03819.png,30.04312955278916,0.9388680098099454,4.802752
04842.png,30.831679503502635,0.8757719818024962,4.9785943
08302.png,30.19046097519233,0.8748862256048954,5.302189
06909.png,29.275226575799138,0.9137151304980536,5.485472
00484.png,29.102239557257434,0.7945479437254134,5.8747315
05970.png,27.48043939623038,0.9149323064732523,5.1289773
04565.png,29.099592013859482,0.8556873480046271,5.4065247
00788.png,30.103659852177117,0.9414975942651155,5.427976
03915.png,32.20822996089326,0.92475055282424,3.5984585
07713.png,31.075448365065036,0.933633382074488,3.7952614
07679.png,31.573955387075326,0.8649413320981919,5.1419144
03611.png,32.88988749417509,0.9127574706939265,3.1028874
07496.png,31.63585844256927,0.9357564404915387,4.1276755
00707.png,30.336991878233142,0.9299852663502478,4.625974
02701.png,28.483800497496713,0.8440870251581009,5.468511
05483.png,25.778106291526484,0.9208085928469556,5.662107
05427.png,28.84452375803809,0.888517487334049,5.912525
04829.png,32.31580894096315,0.9582733431416415,4.1333885
05475.png,32.961016307690734,0.9221320789463503,3.2846527
06363.png,26.048736927787335,0.8912570356511728,5.665857
08967.png,28.82744188766666,0.9465846446932545,5.916054
08305.png,30.131753657198864,0.8982288533374976,4.577501
08450.png,24.285130448681027,0.8210755237464813,7.165338
03297.png,26.782366219230582,0.8685889181453806,6.5371895
04202.png,29.540309540813148,0.8239639212278407,5.1333632
06602.png,32.173611834526305,0.9553679544382767,3.3300629
08712.png,29.423682769831426,0.7808814463110281,6.4089036
01257.png,27.579251640588318,0.8939534896388931,5.5921707
01566.png,31.859140550619294,0.9341787441854157,3.6768353
04017.png,30.164793448130418,0.919458660749254,5.098307
01512.png,25.443880035420264,0.9039642682807197,8.58665
02182.png,30.29319337672431,0.8044967768010799,5.8753114
02810.png,32.06473729052419,0.9152473272114334,3.9115536
05849.png,31.77170342723741,0.9194506130134211,4.550358
04507.png,29.68750455105964,0.8831077704466729,4.363051
06879.png,28.10379955566322,0.9415347829081094,6.7272515
07885.png,34.829104853625665,0.9477546270614404,2.9580536
01887.png,27.71155497727928,0.9406203288021361,5.0864487
04429.png,26.918638162920008,0.915313035323627,7.179544
04174.png,29.09840709740989,0.8078782897145579,5.8886123
03440.png,26.23526515992036,0.7813785355512451,7.1235976
03173.png,32.39528284176801,0.928886937506879,3.9522247
03931.png,29.117866211387433,0.9553842431219829,3.2508419
07408.png,26.579802531779976,0.8295804604543799,7.149611
02598.png,31.924132465406814,0.9592085210811581,3.6604385
04865.png,31.783883644963716,0.9575173212809643,4.3392587
00529.png,32.21784910595645,0.9298920081097269,3.9946759
00402.png,27.218045386599098,0.9399593901645016,6.495253
03099.png,30.389921402799995,0.940338094270415,5.281466
08204.png,29.428114196222857,0.7400558286133719,6.2225
03919.png,29.22452004605425,0.8662213934251307,6.4912972
06773.png,29.09526565599667,0.9485769616722499,5.0870614
08915.png,29.07749916638188,0.8255855017083981,6.0710664
07326.png,27.358715465935404,0.9411195180744022,4.7239633
04895.png,31.38374557587644,0.9615017524091215,3.186446
00802.png,29.31243667774297,0.9227901999326337,4.8486404
05059.png,30.312251574354406,0.7941063627930657,5.6344857
04695.png,24.645044627620265,0.7335410872855234,8.189163
01095.png,32.02518847717417,0.8298098722269803,4.432615
00813.png,29.052337503289177,0.94486907528202,5.8562455
00519.png,33.45826359956114,0.9409663893404275,3.3144417
06006.png,31.391314406442973,0.9454906135324129,4.2170663
05494.png,29.186948645361145,0.7750438476464545,6.2805495
00149.png,32.78939518329504,0.9456280656020214,4.2271485
02293.png,33.257765517704534,0.9611997747822905,3.9340603
07016.png,24.378820864244013,0.8627627542965302,6.866501
08660.png,27.50212284591267,0.8881579085064866,5.1222763
03684.png,31.962004314514342,0.8680803430742495,4.45569
03541.png,31.99537536189194,0.9462001956117789,3.7483265
05015.png,34.453754070851524,0.9417786205135603,3.4555385
06266.png,29.648266568851774,0.8320887453356542,5.5662384
08521.png,32.663712495681864,0.9056276626974813,3.621043
08991.png,26.49679615955157,0.9243250817767948,5.813024
02347.png,33.47552901145817,0.8960107449141411,3.8471603
04833.png,33.86320818244386,0.935649186986271,3.608279
06455.png,27.05871732978139,0.8860886010509904,4.7758803
02164.png,26.57878452013731,0.926970124075436,4.670719
08367.png,36.185807619424764,0.9386475033394405,2.366497
04042.png,29.359791428758122,0.8150915296737757,6.5325446
03665.png,32.73061272896361,0.9623010256978244,3.9667435
04275.png,36.40216390516815,0.9427613314191677,2.6716487
07230.png,29.808756244387645,0.9451324556514503,4.9777045
01402.png,22.968596826929343,0.9001745995052274,6.621975
03179.png,29.7811501423808,0.9378713821820135,6.4049516
04951.png,29.87635338783793,0.8459368060611316,5.7331986
08316.png,29.083044426612336,0.9381376106939183,3.8269207
05049.png,28.94918052209427,0.8739192239029926,6.2539086
06792.png,25.427783146685204,0.8991369811999834,6.0883355
06536.png,29.690370183941074,0.9246749336768726,3.95247
07208.png,31.523392208312494,0.9204191762352237,3.8149884
04067.png,34.10481973084745,0.9198048982076686,3.8170764
08246.png,29.67259921482476,0.9251854068049642,3.9346645
02683.png,29.808682860201973,0.8985406853415542,5.486197
03489.png,31.184667390531295,0.9266585902165166,4.637287
08834.png,30.220552289972833,0.8964497774330143,5.355812
03755.png,31.742712053358968,0.9464956073149103,4.4160514
06295.png,33.478620079555064,0.9564586574876038,3.240631
01179.png,31.199408292899857,0.921369312851762,4.8452163
08983.png,31.606505767168112,0.9017160406237835,4.4320436
03598.png,32.12704589927577,0.9515893064856052,4.349674
03203.png,29.665787928161397,0.9403669277667515,3.516739
07511.png,29.64177099579981,0.7472743741827711,6.0708275
04837.png,33.733370794219866,0.9427119585086022,3.3130596
02223.png,33.003911295773506,0.9273320872118612,4.0433335
06060.png,34.046899421718,0.9168760924159379,3.5915844
06797.png,31.16780403669931,0.9368405856205224,3.521909
08205.png,34.3877056086514,0.9308101435992845,3.0741284
06158.png,29.68134914131587,0.8317734067497705,5.6579223
06312.png,33.261454314274175,0.9634036415213604,3.2444954
01160.png,25.384156129306305,0.8537874800130002,8.78059
02818.png,28.091711601050925,0.9346504967990455,6.031667
04336.png,31.721880060580723,0.9039533430005918,4.143419
01643.png,27.84890992776964,0.8178768096728373,7.4488463
04094.png,32.61160104919209,0.9342892649692541,3.2584598
02963.png,29.732307830185924,0.9348752832620676,4.574074
01655.png,31.832326334958267,0.949094527558669,3.1836116
08709.png,29.619170845802053,0.9538936420921319,4.413755
01433.png,26.301687551418812,0.9365279639044245,5.45408
05718.png,26.252868324932713,0.8902831182581084,6.954624
05545.png,24.936020038520674,0.9054455308182398,6.2110367
00517.png,30.277980658473233,0.9552670095588481,4.175917
02236.png,32.510572821935064,0.9355430961778971,3.722702
06445.png,33.23318760843017,0.9592912487524949,4.088014
03624.png,31.394800556803844,0.9207430849171029,4.380047
04097.png,31.35289286427971,0.9526157266495309,4.1746993
05381.png,30.525898717020148,0.8875437565800546,4.333917
01213.png,25.808457508151083,0.7547889006937306,9.551113
02807.png,28.031546003739006,0.9046760434363893,5.3562217
06973.png,31.10456528571515,0.8074295929549596,5.4395905
07554.png,29.1029356640769,0.956466960710071,4.3529754
01664.png,28.314582575479438,0.9414738344355382,5.531675
05194.png,30.195028905914945,0.9514610367243083,5.30034
08851.png,28.541606105657586,0.8942571980944839,5.305031
01899.png,31.214512450732904,0.9449829241822055,4.096227
06022.png,30.009970399703118,0.9377064058432095,4.402879
00100.png,27.06187588568477,0.9313618340093034,6.034977
00805.png,30.70761012473206,0.8213070717821037,5.480128
05344.png,28.093316976613636,0.9140426899080517,5.6977744
00862.png,28.529977274207276,0.7679498445382366,6.3931313
05881.png,31.14223501924689,0.9232439900871122,4.3143325
04421.png,31.4576928996918,0.9373567044121146,4.4287605
08933.png,26.51112354032597,0.9053292360201936,6.0121207
02346.png,24.806293615689437,0.8827553039942243,7.2122574
00243.png,30.184436849908188,0.8890684102619583,5.828855
03940.png,28.889056831510583,0.8723754033335869,5.1829247
05955.png,29.75440014134199,0.7954839242530248,5.063259
07221.png,30.63753386544238,0.8536827105040824,5.590388
05822.png,26.5025815127691,0.9236738716598937,4.6796966
02605.png,30.642791363872874,0.9302752584413253,5.2439246
02020.png,32.44748448496217,0.9362192985786901,4.053108
00204.png,30.37821214623652,0.9472198797800102,3.747279
07836.png,25.500189324340575,0.9273042187263889,5.1898513
05010.png,30.00970976516358,0.9381535878753541,3.7425525
07700.png,30.332035169842474,0.9179593323487643,4.0254006
03731.png,26.83064750665587,0.7749946609709895,6.75907
05886.png,25.522816650079037,0.8108302952667353,8.195
08988.png,33.31240262090589,0.9636023956193482,2.8240814
02497.png,28.819602783215693,0.8766774391628459,6.5404587
06302.png,26.786390941401056,0.9200713025122101,7.273558
04266.png,26.28995533163282,0.9066665574311786,5.518799
04552.png,27.108608500327126,0.9331021828934158,5.1424956
06207.png,33.03667384094639,0.9048313607377071,3.8969955
07400.png,28.56167753742039,0.8665030196153015,6.4824195
05809.png,30.822476541800615,0.9242365626409045,4.7416854
06184.png,29.08094687328852,0.9220933672657883,4.3398223
02993.png,30.107737897044032,0.9527659808703038,5.192505
01231.png,25.558321497783034,0.9317374657390108,5.6817575
03501.png,25.748394617884244,0.8710903167246059,5.8277993
08112.png,30.112900986141703,0.8745595654042663,5.2661133
04598.png,32.583576032537025,0.9496968435270432,3.3047638
01885.png,29.277620244982,0.9383516996964468,4.816015
01263.png,27.2534599287493,0.8002928776505177,6.92314
08772.png,24.432794352984168,0.8561590122158131,7.2882385
05948.png,28.2126229953476,0.7677855990627734,7.1731744
08686.png,32.01236088607884,0.844715641844382,4.811835
01227.png,30.519924201876716,0.8033850654960406,5.664103
06009.png,26.26955964765497,0.790517229190819,7.8338876
02090.png,25.603435150979106,0.8905554439000777,6.693264
06533.png,29.04856504457406,0.9418661510594992,5.493061
02054.png,31.074803399078515,0.8983288658334377,4.178411
05195.png,27.505005664562447,0.9318043984217416,5.4759088
07313.png,30.446802407622698,0.8788305234455178,5.554783
02853.png,28.0397127352143,0.8441363242968655,7.2415543
03495.png,36.508888639878236,0.9607708419143401,2.489104
04444.png,33.42150274784866,0.9316909755423272,3.2518895
00981.png,30.369998639373357,0.9437991331662211,5.514805
00083.png,28.376367949009797,0.9413760526269708,3.897929
06609.png,32.063362830569716,0.9380610004925977,3.3508747
05150.png,35.87319619341707,0.9463146945109266,2.8568203
07335.png,24.454587804261955,0.8977952186583348,7.409365
03084.png,30.234407196528323,0.9437013585186759,4.945896
06993.png,30.57053764243051,0.9459122869601244,3.7263782
04983.png,30.780868308645072,0.9450509390290738,3.4858017
07913.png,30.098329294107636,0.9384643287194278,4.875921
07011.png,28.22638618668349,0.9074025244180178,5.505642
08917.png,27.974650336477048,0.9073969507518549,5.3323836
04236.png,30.923590156867565,0.9329583752136271,3.9166832
05997.png,30.90476054983482,0.8121742273272045,5.5512924
01835.png,30.734659601525223,0.8289567053259969,5.3018594
02952.png,28.079095038353298,0.9301618130478606,6.362639
02546.png,28.85282254616396,0.817221415886732,6.707527
06639.png,29.7093300742512,0.8718352575312225,5.362751
07780.png,28.268166087900838,0.9419076853597731,4.4902687
05124.png,30.762428020730216,0.8419629865022281,5.504336
00463.png,28.162503768091824,0.9478386542953304,6.2161574
04900.png,30.772130792129527,0.8297816709184024,5.0755982
03570.png,29.154676838228628,0.8545136592686622,6.6122384
00708.png,32.318260134070506,0.8500652253840295,4.496877
01829.png,22.413635017535213,0.912028402778434,6.874079
07032.png,33.62290623120695,0.9292415294645596,3.322277
05819.png,25.717985417761156,0.7553412598573158,9.607048
04679.png,27.67614133326008,0.9297253662412183,3.9391506
04297.png,29.288958457443357,0.8262600900747329,5.670938
00379.png,31.78147259047438,0.95912414520881,2.9919891
05289.png,31.691856202209085,0.8233800091214608,4.7094727
04646.png,28.153768566290225,0.9262929764670936,4.578921
02199.png,31.204004387846393,0.9597676146666926,4.548622
02367.png,30.46286873668064,0.8014952890368425,5.7016425
07859.png,28.006675288579636,0.847088071252949,6.8577056
05453.png,33.71835970147216,0.9558340457717419,2.7060955
05815.png,28.995045798406988,0.9268010224610022,4.5032744
01157.png,30.825559010167872,0.9126097776992692,4.5031104
00428.png,26.69686996432301,0.9320408001109112,4.1544366
02289.png,32.04882230484528,0.9561747004568124,3.1913083
07249.png,25.93365887925102,0.7838696539387929,7.5729775
03471.png,26.239056219818956,0.840950046828894,7.7455688
01361.png,33.61168287844748,0.9269890053864392,3.8185844
01796.png,29.800541912519858,0.8372726151930934,6.1929893
02470.png,29.886224392548396,0.9253452372423899,5.5764236
07575.png,25.96216887916593,0.8979483007598287,5.9981766
05197.png,30.66825930404454,0.8333666059090961,5.1183715
08689.png,33.49250023646616,0.9453136783399749,3.5305328
06104.png,30.290431633430437,0.886043153685359,3.8014412
07391.png,27.098018840764443,0.8882861349554537,5.962593
03329.png,26.90850808246409,0.9091001368669427,4.6599717
05504.png,29.998603507799015,0.921397814080985,4.299628
01623.png,27.768079326206156,0.8313584253108259,6.6412606
04641.png,25.588779913408878,0.8077353283104997,7.8197913
04841.png,22.210909684321244,0.8760377463393025,8.42068
05384.png,25.61479792963165,0.8081406508182057,7.16863
07688.png,28.962947701826476,0.8318467686812022,6.90597
02798.png,30.48808602724356,0.9550175767605356,4.520565
00675.png,31.437975664200344,0.8731170312938326,4.727369
07508.png,31.21356482971201,0.9312209626335973,3.8795052
01691.png,25.79567624881776,0.9431862561778978,4.7912636
01808.png,31.67036678354277,0.917028121484766,3.5253818
05458.png,29.9622599134285,0.9232255615823018,4.360874
00660.png,26.944859656270058,0.9286590368066,5.7008057
08436.png,27.870184632352967,0.8345701772961611,5.9998536
05853.png,26.637381644744824,0.9220772166778454,6.1215096
07386.png,31.536459639098148,0.955451908651027,4.395336
06702.png,30.366701723749507,0.9215892025681836,4.625721
06400.png,27.696823615234262,0.8634841504643521,7.5474396
07813.png,28.846616097384175,0.9313782719743738,4.5205665
02988.png,24.137081735949423,0.8956921216489163,6.3792152
06017.png,31.07632453655455,0.9136888280379208,5.4388146
00827.png,27.719968660900093,0.9252103289096022,4.3485947
04671.png,28.246980345811746,0.9187348899894191,5.4923453
04356.png,28.73247279815391,0.9155996845297132,5.3990874
06140.png,32.69707583111068,0.9368552775882009,3.8530757
06816.png,30.336953056011218,0.8806703381140929,5.424801
06814.png,26.65884171656456,0.8202644477987978,8.038283
08973.png,26.786953168363617,0.9272836035327509,6.222551
08170.png,33.08890137722788,0.9258570171620574,3.7518451
04688.png,30.1123576451101,0.8180308320534495,5.8873115
00251.png,31.54873590152701,0.8929065303828189,4.580166
07114.png,26.818500930843822,0.9180491459657562,5.0851007
04061.png,32.306999752534324,0.955906409265849,3.6812592
07207.png,33.305527661110744,0.9526917864090723,3.3294144
05434.png,32.69433717650696,0.9557580188867947,3.8724632
01925.png,26.83183039642006,0.9081522809287003,6.1189437
06913.png,29.912931472585992,0.8523114500896839,5.643275
00902.png,28.78495005679518,0.8972744787011918,4.674994
06994.png,32.21137641425165,0.8675881177850258,4.481996
06352.png,28.735785896633157,0.8620095501500847,5.406382
03195.png,28.140381671910696,0.8009452651151262,6.7304573
08746.png,27.112287630043017,0.9205947744618258,6.627932
02088.png,26.33461727506603,0.910103528043282,6.088238
01218.png,30.999629912871832,0.8368397610948634,5.0204277
08770.png,28.11622059214107,0.9360561288046026,3.9568546
00701.png,29.195483098985985,0.7575276139999055,6.6169076
00344.png,31.00390701170532,0.7985372200023096,5.173639
08848.png,31.148603964003954,0.8670587053065701,4.9006257
07387.png,25.93435245022372,0.9175854985436175,5.841118
02411.png,29.831598902973354,0.930893542097226,4.8155837
00574.png,24.575886427929838,0.7741439913376064,8.396033
05048.png,28.79204228550642,0.9378504663520446,3.523276
01788.png,35.43622768274261,0.956129164534998,2.9401894
04986.png,33.17912598400354,0.908703133165964,4.118689
02965.png,25.118280650910314,0.7769559112255321,9.696849
05534.png,32.04393776575399,0.8847839801460071,4.249279
01129.png,31.120511830634896,0.9453977574929597,4.164191
00089.png,31.367576271415977,0.9291395218314635,5.1682014
03396.png,27.150990374956365,0.845005651859691,5.9878182
04575.png,24.75588035349662,0.8994543140188983,6.7715416
04549.png,31.93549329327562,0.9234075376051342,3.5850906
07617.png,34.81218353305545,0.9218690291520338,2.7075882
02003.png,32.162858200713075,0.9216637497576924,3.6417084
07458.png,28.646535434409373,0.834689061994185,6.8534484
04634.png,29.8753260191558,0.9381816294137127,4.3849144
03024.png,31.893233909370664,0.9455931861352312,3.5848083
08819.png,29.590846850377,0.8422859716700392,6.2790527
07139.png,24.58589250482746,0.9004742056756473,5.628118
08425.png,30.530144083398817,0.9304677176203215,4.54797
01223.png,35.359673447849985,0.9557507243721101,2.8996086
00226.png,31.617973743269854,0.9298847648520917,4.814447
06113.png,23.576915752972297,0.898163815744037,9.0433
02587.png,27.85887755925357,0.7652576667536398,7.4353957
07857.png,31.584819531053817,0.9507797605571434,4.3674254
00881.png,31.716090821482563,0.9364504777254036,4.4753785
07477.png,29.821923687024842,0.8405205285435918,5.4791083
00429.png,31.11507793282128,0.9427510177167271,3.9077797
08510.png,29.17541406016116,0.9002979786365138,5.4594955
06859.png,22.347902316409506,0.9136197161571434,6.599115
02756.png,28.86791471155422,0.8925509114257029,6.29335
08509.png,29.619992376363506,0.9260118707605143,5.413278
07755.png,32.55464289199254,0.9444240783932342,4.0909133
06901.png,28.200596202306674,0.8755195339027825,6.640432
05864.png,32.46863431629082,0.936221525713759,4.411589
07260.png,31.43434870520896,0.934451267996088,3.7179058
00631.png,31.598108357431794,0.9445710985327053,4.4814935
04735.png,25.35421751386776,0.8847326981358749,6.439317
01449.png,36.04003754976932,0.9490230210087639,2.1975758
08070.png,23.183976709281918,0.8893826194145653,7.948723
00796.png,30.379214592466404,0.928462828242151,5.4017158
08946.png,28.688192286961836,0.9394524416634734,5.2678757
07937.png,35.037137973205155,0.9273661956575276,3.0682983
03828.png,31.518847362839388,0.8213247744353162,4.926039
06970.png,27.117508209302557,0.926529762215813,4.5268655
03462.png,28.400764192270096,0.9094764915941788,5.2136626
06291.png,27.518259133553848,0.8154607914968436,7.533975
04033.png,30.77285399427125,0.8578361263488076,5.3981056
02694.png,26.825476946074964,0.8940201147516768,5.740761
02251.png,29.06261070270654,0.8104284975013863,6.5258484
03132.png,29.752579331806366,0.9000103475626223,4.633902
02656.png,27.285812707423105,0.9101253583777851,6.826944
07338.png,30.616907634369163,0.9494030302918942,4.1534386
02971.png,30.801864833060467,0.924210356864308,4.2438254
02711.png,31.941237588794227,0.895435374563755,4.7239723
07648.png,23.945094565059666,0.8162895340397592,8.041875
08466.png,28.3132548583036,0.9078204027111241,4.7227936
04922.png,27.509894874362182,0.9274938781182317,7.504893
07952.png,30.309856090458034,0.9522160760271229,4.87625
07783.png,26.874119715971116,0.7084375295663919,6.272527
01630.png,32.30580755669346,0.9171227349974765,3.8027496
04787.png,30.505571924903045,0.8812150199418888,5.434798
00121.png,33.808403700328626,0.9656283400572581,2.3128204
01469.png,27.993039713201885,0.938502958635418,6.170794
01706.png,29.489978150148474,0.7849460362582902,5.3888946
01785.png,28.485238322244747,0.8700900190910296,6.151212
06751.png,35.159138363810804,0.94365827182483,3.14291
05223.png,31.982309639609696,0.9353948272125866,4.1368294
08731.png,28.911909223439828,0.8184278800826088,6.0250144
07226.png,31.429424027013184,0.8165423137122687,4.696041
04023.png,30.233582532045986,0.8324470702418036,5.627996
04020.png,31.11768011310876,0.8766236881835319,4.5066705
00871.png,32.01396815528129,0.9555872321602209,3.7350056
01750.png,28.44948739570862,0.910752235160845,6.3216195
04010.png,34.63930921155717,0.9238577652193628,3.4503403
01219.png,26.146089446064607,0.9080406366485262,7.5793853
06392.png,28.507478427593295,0.9228383756484156,4.757486
08416.png,25.870407986463768,0.8407047537573034,7.085378
07367.png,26.793602398043618,0.9277115758377358,4.766257
03033.png,29.055378069276653,0.9404106018404216,3.7230809
05754.png,30.180641183582733,0.8628672669093924,5.5047936
03499.png,31.843592559524254,0.8392506192116324,4.8763657
00144.png,31.756314502366404,0.9035552404503387,4.8476777
06021.png,29.301887432103907,0.9333067292747558,5.5065627
04967.png,30.80774005982125,0.8999299941669511,4.517273
08974.png,29.035339849474013,0.8185708012217753,6.7059135
06231.png,30.03649382920876,0.8818357018383137,3.7050781
07922.png,28.57902142465456,0.9230500847822674,5.1814437
05133.png,26.920373845553893,0.8575123907910825,5.6354523
01325.png,28.300201675445066,0.837263882969797,6.2029786
05740.png,30.04700638100037,0.9378743672511934,4.8615417
05506.png,27.158393236211236,0.8825773474150614,5.394159
08077.png,27.358472493208296,0.8006665169840764,6.9265494
03281.png,29.23073476148282,0.9465390621671913,4.9899025
00595.png,28.213300582931133,0.9169050949549119,5.525228
03077.png,28.473716939346136,0.8749871139995143,6.323602
07138.png,28.02355358683751,0.9261016296875112,6.996418
03282.png,25.126597160599324,0.9062598588055447,7.205677
00772.png,28.255218199271212,0.8047806518046877,7.248098
08977.png,34.11169575235217,0.9736115696537356,3.2311249
05313.png,24.49899236733932,0.9335133493637535,7.1901145
01046.png,29.002964869228585,0.9466407459592716,4.3200912
03605.png,28.92382079110355,0.9178963333869419,5.8190293
05242.png,27.865918207691074,0.8605651741517032,6.090242
03446.png,29.462873122153116,0.7926939285094189,6.4484444
07262.png,34.2548195333962,0.9476959469639934,3.0968997
07322.png,25.588541504429443,0.9102419621420763,7.634023
01545.png,28.68430745330884,0.9183981957823953,3.7506459
03844.png,33.00886262816013,0.9433565147929485,3.7530544
07498.png,30.326512938784976,0.8689287359846954,5.7526193
08820.png,34.9245291490088,0.9642458801294737,2.4048526
06514.png,34.30592918543945,0.9567699280573132,2.6401405
04360.png,36.078827546087325,0.9270724236164244,2.485836
00418.png,26.62094104181414,0.8239008973784223,8.118167
03405.png,30.10502753355346,0.907249113632048,5.5328903
03909.png,36.06358399577918,0.9775482420683824,2.8825328
03667.png,31.127384130169943,0.9097783639424571,3.8828175
01298.png,35.614580178238825,0.9640872381369187,2.6669312
00430.png,29.439411800392243,0.9540539679193385,3.953935
02709.png,31.38059353883156,0.9382985917378289,3.837574
04573.png,34.15295314607451,0.9487925793178075,2.9107666
05612.png,27.807602604634155,0.9439085722696249,5.440314
03648.png,31.387710409943477,0.8808123189967246,5.221531
05316.png,30.62538966630185,0.9265890249609755,3.7202938
01347.png,31.699731185766005,0.9413061547706367,2.5941288
02556.png,29.942239399452077,0.8341008257482923,5.6720796
02152.png,29.464546679955497,0.8334175522987984,6.2616463
00843.png,27.81593804908692,0.8373847344645555,7.410404
08188.png,32.20132561803779,0.9498877342658535,4.156952
01675.png,30.247365496688836,0.8289433443523843,5.5621123
05540.png,31.260407640706354,0.954290171469553,4.1288795
04562.png,23.842853539192955,0.9049250662753661,6.7676215
05882.png,26.00899735673535,0.9201629960788967,5.1985116
01729.png,30.237522723938426,0.8140812873692868,5.4267554
06576.png,32.094867242683144,0.9320360794509521,3.9892185
08062.png,29.708538404180924,0.9453908053175342,3.9762256
06911.png,27.203833478024293,0.8019167492259784,7.5318093
04170.png,23.978509410406716,0.8174667191930957,8.423947
03532.png,27.156521624205258,0.8117474691617467,6.7742195
01598.png,29.29631613137683,0.852826066837436,5.0976996
03992.png,29.959092854371367,0.9174369901575985,4.780215
08782.png,22.287111188675198,0.7316093917202285,9.373605
03200.png,30.42600096240788,0.8121181264678924,5.3546042
00362.png,26.01161096325069,0.8794616613225066,7.162954
03966.png,30.763101721929203,0.8818075583462135,4.5395646
01090.png,31.336112173392223,0.9456187475722021,4.21476
03403.png,29.23867694732747,0.9296100953543491,3.8426056
01084.png,30.383198029797832,0.8852330248936009,5.5672975
04204.png,30.348778661933018,0.7444838877546146,5.1153235
02317.png,27.570066511123123,0.8085213808089858,6.7108865
08176.png,24.830638847809038,0.9236727789825633,5.6856017
01727.png,29.051213735578255,0.8661227096701704,5.734591
04071.png,31.013929992276946,0.846309574518458,5.422774
06621.png,27.464647586067116,0.8998008292058103,5.505202
05247.png,25.069492703358826,0.7927014585896082,10.14062
04055.png,30.75062550672756,0.9446823979695731,3.7670822
04465.png,28.65912173909011,0.9158536219004589,4.934845
06050.png,30.085126287591617,0.947120064352308,3.723896
05334.png,28.119716323854583,0.8691630215178788,5.2337775
08543.png,27.2684469195171,0.9171404829962088,5.5688424
06244.png,26.157050777705315,0.9232282582250241,7.0163407
02648.png,31.11137574001792,0.8585443366594595,5.1339226
00099.png,29.568880356063797,0.786732352953194,6.005773
07493.png,30.830663963464314,0.9382369645233397,4.3744545
02235.png,32.373745504035575,0.953291789551935,3.077132
02693.png,32.35180108777163,0.9547294130287058,3.4645321
04954.png,28.537572385562243,0.835066943591854,6.8537116
04611.png,21.48169832820929,0.7714842085420281,10.130561
01025.png,34.95782267660787,0.9147771082802628,3.147817
02398.png,24.967008454337623,0.9312311928815675,6.6388016
03582.png,31.49105683193612,0.8480747883404299,4.9335213
08947.png,31.702427687258417,0.8365652380516672,4.8822975
05833.png,29.467865828582482,0.772847801296484,6.1308885
02752.png,31.742884074676503,0.9194087804365011,5.04849
07461.png,31.350978913260615,0.9332482234249811,4.2096725
04186.png,32.10343595947906,0.970048333595016,4.1958756
07694.png,26.724443894120952,0.924485137117471,6.4059396
03427.png,31.149342533502438,0.9526180794025675,3.3888447
05243.png,29.25251513452106,0.9444109608925121,6.072623
05866.png,32.462134355180666,0.9545380295689604,3.191316
01824.png,33.18675075426428,0.9664355143655685,2.9595234
06454.png,30.14285041925372,0.9634591884553435,4.543083
02510.png,27.89296323288706,0.9384020637291116,5.6735816
01943.png,23.91252209586176,0.7312492797460718,12.942062
02528.png,29.539132582316824,0.9553337460614552,5.153067
02056.png,29.13171035748979,0.8363358688419193,6.790793
03554.png,23.526005826899784,0.7327029008286629,10.367668
01936.png,26.95291252082214,0.9198242368849353,5.8269095
04367.png,29.534892509213606,0.9303327622314458,4.948919
00087.png,28.401201778960456,0.8377971559868187,5.940937
00339.png,30.877853367394977,0.9544294814755544,4.4099083
02354.png,28.18823501564164,0.9075280976079343,3.7016056
08075.png,28.736324919457324,0.9331507720643136,4.941458
08277.png,25.90991661195636,0.9264600337035205,6.2801948
05016.png,30.135420602525215,0.9329212157695773,4.3873076
07115.png,30.772540368677245,0.949713089054426,3.557246
00866.png,27.592333993442075,0.8986955006564844,6.31191
08863.png,31.56144700001834,0.9580206518514643,3.1789615
08336.png,27.41287206803745,0.9295976219114815,4.6616416
01551.png,31.481840663885855,0.9579501218100074,4.192074
05827.png,34.46063819469552,0.9460563459503208,3.2623012
05987.png,32.21379367098922,0.9550345507879817,3.5443141
06588.png,26.687408983212396,0.9205166333127712,4.600043
05821.png,30.631458601404375,0.9454754820654401,3.8850021
00326.png,30.405633956440404,0.9204941706500502,4.6594276
02273.png,29.070222588235055,0.8856465196658944,5.605021
03180.png,33.48897350432121,0.952677332602157,3.7552757
01860.png,31.55245957889459,0.8743254687011676,4.6029105
04894.png,29.35030654672801,0.850514466331154,5.329763
01862.png,33.3663553023747,0.8771058612272334,3.9906209
06872.png,33.44788291180692,0.9255250582953284,4.0030503
00518.png,31.24084951721425,0.9271446654766781,3.1025379
00921.png,35.007664916828325,0.9464059276153588,2.953387
05341.png,29.748754363653326,0.8975579290523107,5.3370194
00619.png,30.77933013125564,0.9428407967593787,4.855039
07627.png,26.507589779382283,0.9473141202782642,5.523153
02498.png,26.094531295632727,0.9167896801861398,6.545386
08812.png,33.89028910384966,0.8938302609414851,3.562397
02006.png,26.493785774623046,0.9237154945204594,5.5549064
01122.png,25.16924263249077,0.9188302589446878,6.234877
05693.png,33.51862088403487,0.9529175369633215,3.1317852
00692.png,26.8194682718922,0.8597632902854141,8.254758
02585.png,30.136147966212327,0.9628353465818767,4.120186
07585.png,30.692946246604716,0.8648130488626128,5.505909
05890.png,27.75074297729607,0.9049940273034544,7.2265153
07310.png,31.972670601315365,0.9530053520702939,4.3343635
03974.png,27.534859640816887,0.9202523338017182,5.023688
02640.png,24.58162973497863,0.8754825405292203,6.3407845
08116.png,27.685356642892508,0.9246874597490143,5.5968375
01529.png,35.472119778590404,0.9660246582946299,2.312486
03262.png,27.749675985961147,0.7836471678525346,7.5877075
07228.png,31.662859658682507,0.9442662652609651,4.0414186
06051.png,26.765653661128823,0.924270081907055,5.068579
05541.png,35.6059377291703,0.9526742374732132,2.5853424
06304.png,26.922359652617132,0.9416818044290166,4.405432
01508.png,31.605896764910966,0.9527708310554553,4.165043
07058.png,30.55161467032709,0.8330617308973656,5.6048827
02671.png,24.672037553705366,0.7652940780656987,7.5881615
04472.png,33.09346217094888,0.9054574573798096,3.5875614
00206.png,32.66487126996301,0.9514103995017137,3.1161678
00632.png,30.768154926173274,0.8596881312767786,5.3232207
02436.png,30.568494408975017,0.9471458461927774,4.161058
06754.png,33.00864172837771,0.9431377363677224,3.263551
00695.png,31.382503308150355,0.9055096740322442,4.67224
04053.png,26.7586060723399,0.8279996938528172,7.9749794
08477.png,31.172917485404188,0.9596570488982256,3.7466164
04883.png,28.63556914040961,0.9368153399925258,6.1423354
02660.png,27.480228785783783,0.8935743406694847,6.1362457
04150.png,27.73001533100496,0.7925256707913517,7.1782722
03706.png,32.11003871862826,0.7829447842844742,4.3540893
07640.png,29.489226450637656,0.7638239364600082,6.176361
04955.png,33.40046607575262,0.9577508365200273,3.7123528
04898.png,28.882947939469886,0.8157525085858516,6.5518403
02901.png,31.308978949256158,0.9404156684002704,4.0979767
00773.png,29.962137753134428,0.9116424849604691,4.8545227
05843.png,28.628554720707683,0.9170286355647382,5.959137
03987.png,29.905999724301196,0.9005833593802327,4.9268928
04501.png,30.659484529104706,0.8033037216890767,5.154405
05991.png,28.416286895187962,0.9083516613322892,4.881836
03208.png,26.408627860092597,0.8240964241789683,9.201817
08563.png,28.90391808452303,0.8330210374330117,5.728804
08154.png,28.716079326163012,0.88286844952858,6.6563315
01756.png,31.597176408816672,0.8833631383013434,4.3529305
04956.png,29.42610076479944,0.7910543272405274,6.2005563
06764.png,30.232471575403533,0.932275960055731,4.45047
08950.png,25.443963444428448,0.9207956537715697,5.729861
03291.png,31.40853698769171,0.8529516377437995,5.3178277
04592.png,35.141397905475294,0.9511471585618789,3.0867665
06285.png,33.25973508842442,0.921714373641715,3.4305649
07534.png,28.885420885591774,0.8537514272727238,4.764712
04304.png,28.500039490794276,0.8874082303876357,5.30217
07479.png,32.824737445052754,0.9612990296635888,2.5508397
08418.png,35.02973308953177,0.9411625831132913,3.1164463
07061.png,28.753191281081406,0.9239886304067767,5.198705
06714.png,30.67716390321999,0.9262429186273898,3.9190395
01533.png,29.943105017341246,0.8965763058329074,5.138546
04456.png,27.318244432093,0.9160869881934759,4.6785264
06054.png,30.763459721991463,0.8191335832628092,5.3169036
01284.png,32.08654689483386,0.8822721602418987,4.5861397
08786.png,27.61704263301783,0.9458822814446849,6.416275
07155.png,29.187456381469996,0.9215458835979916,4.2700143
01736.png,31.53403262961148,0.9467766605461049,4.47427
02469.png,27.19353611246079,0.9083299924036495,5.011907
00608.png,30.351351978762366,0.8682366610990048,4.879331
00750.png,29.674672973716557,0.9344895881828186,5.452502
04664.png,27.608142798332285,0.9263173529483925,6.8723464
01176.png,31.285014859454776,0.8754970115653657,4.8770447
02766.png,30.3282617649974,0.87598447253752,2.8373783
00388.png,27.30724900642063,0.9123532829817834,4.832083
05064.png,29.678517450354278,0.9450745592067716,5.3441186
02100.png,30.724644304695925,0.7695767486464252,5.4592605
00911.png,31.367023600797722,0.9545349790079993,4.2753663
06551.png,29.998697577028853,0.8139588459712503,5.4991646
05708.png,29.849636466120828,0.8985368378415775,5.107746
03433.png,27.137128571090194,0.9151515695923219,7.6230063
03631.png,32.24012058916589,0.8883721194315738,4.2842813
02075.png,30.172146576647695,0.9328141706047907,3.9138615
07762.png,32.496309350252474,0.9211144725984998,3.7817497
01641.png,24.45214217123306,0.917271704340113,5.9828987
04418.png,33.58789153321978,0.9270372551066672,3.8134015
02334.png,27.184953732162292,0.929480808029405,7.153833
05712.png,31.603913121053424,0.8603843938380803,4.8458123
03788.png,28.12817637716213,0.9209394701720459,4.9299483
05634.png,27.977986672303537,0.913448861777455,6.110092
03267.png,22.621070580878524,0.8948843760686905,8.235119
01026.png,30.229599889417074,0.9559343864517897,4.296486
05271.png,29.64085792280313,0.9153206737658631,4.982679
07779.png,27.304044972957474,0.9229888320116748,7.0890746
01735.png,24.41072899113225,0.9078014611617499,6.5159836
07907.png,29.85739328269245,0.8815042103537372,5.6335807
03569.png,33.41704837732038,0.8835925739392136,3.8219883
04025.png,30.933044138858094,0.9259657091747998,3.9086468
08021.png,25.86283849153718,0.780083647609532,7.79608
04181.png,35.264902470748304,0.9601455454202905,2.9167328
08155.png,32.99331437072121,0.9280394560764771,3.550748
05861.png,33.639132821038544,0.9361675024816632,2.851411
08353.png,29.330272498692544,0.9073391031664279,5.602806
05959.png,30.376903791448377,0.8463392233995162,5.0951066
03962.png,32.08229790249224,0.9280090662222408,3.544305
02722.png,35.66536936228867,0.9610597183261729,2.3224728
07691.png,25.04050090055238,0.9078741932312812,5.4920554
03478.png,28.60370104420444,0.8806520797627027,5.9751205
04194.png,27.639531852597372,0.7924468323258722,7.6677284
06186.png,27.187903769799075,0.837690462259133,6.9287553
08084.png,29.622543309064568,0.8222602241003661,6.152063
04593.png,33.39310887402395,0.924868842660679,3.70401
